{
	"credit": "Made with Blockbench",
	"parent": "carrot_on_a_stick",
	"textures": {
		"0": "name_block:item/name_tag",
		"particle": "name_block:item/name_tag"
	},
	"elements": [
		{
			"name": "name_tag_0",
			"from": [10, 7, 1],
			"to": [14, 8, 4],
			"rotation": {"angle": 0, "axis": "y", "origin": [7.75, 7.5, 8.96875]},
			"faces": {
				"north": {"uv": [14, 1, 10, 2], "texture": "#0"},
				"east": {"uv": [13, 1, 14, 4], "rotation": 90, "texture": "#0"},
				"south": {"uv": [10, 3, 14, 4], "texture": "#0"},
				"west": {"uv": [10, 1, 11, 4], "rotation": 270, "texture": "#0"},
				"up": {"uv": [10, 1, 14, 4], "texture": "#0"},
				"down": {"uv": [10, 4, 14, 1], "texture": "#0"}
			}
		},
		{
			"name": "name_tag_1",
			"from": [9, 7, 2],
			"to": [10, 8, 11],
			"rotation": {"angle": 0, "axis": "y", "origin": [7.75, 7.5, 8.96875]},
			"faces": {
				"north": {"uv": [10, 2, 9, 3], "texture": "#0"},
				"east": {"uv": [9, 2, 10, 11], "rotation": 90, "texture": "#0"},
				"south": {"uv": [9, 10, 10, 11], "texture": "#0"},
				"west": {"uv": [9, 2, 10, 11], "rotation": 270, "texture": "#0"},
				"up": {"uv": [9, 2, 10, 11], "texture": "#0"},
				"down": {"uv": [9, 11, 10, 2], "texture": "#0"}
			}
		},
		{
			"name": "name_tag_2",
			"from": [14, 7, 2],
			"to": [15, 8, 7],
			"rotation": {"angle": 0, "axis": "y", "origin": [7.75, 7.5, 8.96875]},
			"faces": {
				"north": {"uv": [15, 2, 14, 3], "texture": "#0"},
				"east": {"uv": [14, 2, 15, 7], "rotation": 90, "texture": "#0"},
				"south": {"uv": [14, 6, 15, 7], "texture": "#0"},
				"west": {"uv": [14, 2, 15, 7], "rotation": 270, "texture": "#0"},
				"up": {"uv": [14, 2, 15, 7], "texture": "#0"},
				"down": {"uv": [14, 7, 15, 2], "texture": "#0"}
			}
		},
		{
			"name": "name_tag_3",
			"from": [7, 7, 4],
			"to": [9, 8, 12],
			"rotation": {"angle": 0, "axis": "y", "origin": [7.75, 7.5, 8.96875]},
			"faces": {
				"north": {"uv": [9, 4, 7, 5], "texture": "#0"},
				"east": {"uv": [8, 4, 9, 12], "rotation": 90, "texture": "#0"},
				"south": {"uv": [7, 11, 9, 12], "texture": "#0"},
				"west": {"uv": [7, 4, 8, 12], "rotation": 270, "texture": "#0"},
				"up": {"uv": [7, 4, 9, 12], "texture": "#0"},
				"down": {"uv": [7, 12, 9, 4], "texture": "#0"}
			}
		},
		{
			"name": "name_tag_4",
			"from": [10, 7, 4],
			"to": [11, 8, 10],
			"rotation": {"angle": 0, "axis": "y", "origin": [7.75, 7.5, 8.96875]},
			"faces": {
				"north": {"uv": [11, 4, 10, 5], "texture": "#0"},
				"east": {"uv": [10, 4, 11, 10], "rotation": 90, "texture": "#0"},
				"south": {"uv": [10, 9, 11, 10], "texture": "#0"},
				"west": {"uv": [10, 4, 11, 10], "rotation": 270, "texture": "#0"},
				"up": {"uv": [10, 4, 11, 10], "texture": "#0"},
				"down": {"uv": [10, 10, 11, 4], "texture": "#0"}
			}
		},
		{
			"name": "name_tag_5",
			"from": [13, 7, 4],
			"to": [14, 8, 8],
			"rotation": {"angle": 0, "axis": "y", "origin": [7.75, 7.5, 8.96875]},
			"faces": {
				"north": {"uv": [14, 4, 13, 5], "texture": "#0"},
				"east": {"uv": [13, 4, 14, 8], "rotation": 90, "texture": "#0"},
				"south": {"uv": [13, 7, 14, 8], "texture": "#0"},
				"west": {"uv": [13, 4, 14, 8], "rotation": 270, "texture": "#0"},
				"up": {"uv": [13, 4, 14, 8], "texture": "#0"},
				"down": {"uv": [13, 8, 14, 4], "texture": "#0"}
			}
		},
		{
			"name": "name_tag_6",
			"from": [6, 7, 5],
			"to": [7, 8, 14],
			"rotation": {"angle": 0, "axis": "y", "origin": [7.75, 7.5, 8.96875]},
			"faces": {
				"north": {"uv": [7, 5, 6, 6], "texture": "#0"},
				"east": {"uv": [6, 5, 7, 14], "rotation": 90, "texture": "#0"},
				"south": {"uv": [6, 13, 7, 14], "texture": "#0"},
				"west": {"uv": [6, 5, 7, 14], "rotation": 270, "texture": "#0"},
				"up": {"uv": [6, 5, 7, 14], "texture": "#0"},
				"down": {"uv": [6, 14, 7, 5], "texture": "#0"}
			}
		},
		{
			"name": "name_tag_7",
			"from": [5, 7, 6],
			"to": [6, 8, 15],
			"rotation": {"angle": 0, "axis": "y", "origin": [7.75, 7.5, 8.96875]},
			"faces": {
				"north": {"uv": [6, 6, 5, 7], "texture": "#0"},
				"east": {"uv": [5, 6, 6, 15], "rotation": 90, "texture": "#0"},
				"south": {"uv": [5, 14, 6, 15], "texture": "#0"},
				"west": {"uv": [5, 6, 6, 15], "rotation": 270, "texture": "#0"},
				"up": {"uv": [5, 6, 6, 15], "texture": "#0"},
				"down": {"uv": [5, 15, 6, 6], "texture": "#0"}
			}
		},
		{
			"name": "name_tag_8",
			"from": [11, 7, 6],
			"to": [12, 8, 9],
			"rotation": {"angle": 0, "axis": "y", "origin": [7.75, 7.5, 8.96875]},
			"faces": {
				"north": {"uv": [12, 6, 11, 7], "texture": "#0"},
				"east": {"uv": [11, 6, 12, 9], "rotation": 90, "texture": "#0"},
				"south": {"uv": [11, 8, 12, 9], "texture": "#0"},
				"west": {"uv": [11, 6, 12, 9], "rotation": 270, "texture": "#0"},
				"up": {"uv": [11, 6, 12, 9], "texture": "#0"},
				"down": {"uv": [11, 9, 12, 6], "texture": "#0"}
			}
		},
		{
			"name": "name_tag_9",
			"from": [4, 7, 7],
			"to": [5, 8, 16],
			"rotation": {"angle": 0, "axis": "y", "origin": [7.75, 7.5, 8.96875]},
			"faces": {
				"north": {"uv": [5, 7, 4, 8], "texture": "#0"},
				"east": {"uv": [4, 7, 5, 16], "rotation": 90, "texture": "#0"},
				"south": {"uv": [4, 15, 5, 16], "texture": "#0"},
				"west": {"uv": [4, 7, 5, 16], "rotation": 270, "texture": "#0"},
				"up": {"uv": [4, 7, 5, 16], "texture": "#0"},
				"down": {"uv": [4, 16, 5, 7], "texture": "#0"}
			}
		},
		{
			"name": "name_tag_10",
			"from": [12, 7, 7],
			"to": [13, 8, 9],
			"rotation": {"angle": 0, "axis": "y", "origin": [7.75, 7.5, 8.96875]},
			"faces": {
				"north": {"uv": [13, 7, 12, 8], "texture": "#0"},
				"east": {"uv": [12, 7, 13, 9], "rotation": 90, "texture": "#0"},
				"south": {"uv": [12, 8, 13, 9], "texture": "#0"},
				"west": {"uv": [12, 7, 13, 9], "rotation": 270, "texture": "#0"},
				"up": {"uv": [12, 7, 13, 9], "texture": "#0"},
				"down": {"uv": [12, 9, 13, 7], "texture": "#0"}
			}
		},
		{
			"name": "name_tag_11",
			"from": [3, 7, 8],
			"to": [4, 8, 16],
			"rotation": {"angle": 0, "axis": "y", "origin": [7.75, 7.5, 8.96875]},
			"faces": {
				"north": {"uv": [4, 8, 3, 9], "texture": "#0"},
				"east": {"uv": [3, 8, 4, 16], "rotation": 90, "texture": "#0"},
				"south": {"uv": [3, 15, 4, 16], "texture": "#0"},
				"west": {"uv": [3, 8, 4, 16], "rotation": 270, "texture": "#0"},
				"up": {"uv": [3, 8, 4, 16], "texture": "#0"},
				"down": {"uv": [3, 16, 4, 8], "texture": "#0"}
			}
		},
		{
			"name": "name_tag_12",
			"from": [2, 7, 9],
			"to": [3, 8, 16],
			"rotation": {"angle": 0, "axis": "y", "origin": [7.75, 7.5, 8.96875]},
			"faces": {
				"north": {"uv": [3, 9, 2, 10], "texture": "#0"},
				"east": {"uv": [2, 9, 3, 16], "rotation": 90, "texture": "#0"},
				"south": {"uv": [2, 15, 3, 16], "texture": "#0"},
				"west": {"uv": [2, 9, 3, 16], "rotation": 270, "texture": "#0"},
				"up": {"uv": [2, 9, 3, 16], "texture": "#0"},
				"down": {"uv": [2, 16, 3, 9], "texture": "#0"}
			}
		},
		{
			"name": "name_tag_13",
			"from": [1, 7, 10],
			"to": [2, 8, 15],
			"rotation": {"angle": 0, "axis": "y", "origin": [7.75, 7.5, 8.96875]},
			"faces": {
				"north": {"uv": [2, 10, 1, 11], "texture": "#0"},
				"east": {"uv": [1, 10, 2, 15], "rotation": 90, "texture": "#0"},
				"south": {"uv": [1, 14, 2, 15], "texture": "#0"},
				"west": {"uv": [1, 10, 2, 15], "rotation": 270, "texture": "#0"},
				"up": {"uv": [1, 10, 2, 15], "texture": "#0"},
				"down": {"uv": [1, 15, 2, 10], "texture": "#0"}
			}
		},
		{
			"name": "name_tag_14",
			"from": [0, 7, 11],
			"to": [1, 8, 14],
			"rotation": {"angle": 0, "axis": "y", "origin": [7.75, 7.5, 8.96875]},
			"faces": {
				"north": {"uv": [1, 11, 0, 12], "texture": "#0"},
				"east": {"uv": [0, 11, 1, 14], "rotation": 90, "texture": "#0"},
				"south": {"uv": [0, 13, 1, 14], "texture": "#0"},
				"west": {"uv": [0, 11, 1, 14], "rotation": 270, "texture": "#0"},
				"up": {"uv": [0, 11, 1, 14], "texture": "#0"},
				"down": {"uv": [0, 14, 1, 11], "texture": "#0"}
			}
		},
		{
			"name": "name_tag_15",
			"from": [7, 7, 12],
			"to": [8, 8, 13],
			"rotation": {"angle": 0, "axis": "y", "origin": [7.75, 7.5, 8.96875]},
			"faces": {
				"north": {"uv": [8, 12, 7, 13], "texture": "#0"},
				"east": {"uv": [7, 12, 8, 13], "rotation": 90, "texture": "#0"},
				"south": {"uv": [7, 12, 8, 13], "texture": "#0"},
				"west": {"uv": [7, 12, 8, 13], "rotation": 270, "texture": "#0"},
				"up": {"uv": [7, 12, 8, 13], "texture": "#0"},
				"down": {"uv": [7, 13, 8, 12], "texture": "#0"}
			}
		}
	],
	"gui_light": "front",
	"display": {
		"thirdperson_righthand": {
			"rotation": [85, 0, 0],
			"translation": [-1, 1, 0.25],
			"scale": [0.55, 0.55, 0.55]
		},
		"thirdperson_lefthand": {
			"rotation": [85, 0, 0],
			"translation": [-1, 1, 0.25],
			"scale": [0.55, 0.55, 0.55]
		},
		"firstperson_righthand": {
			"rotation": [-61, -90, 37.75],
			"translation": [-0.12, 1.7, 1.13],
			"scale": [0.68, 0.68, 0.68]
		},
		"firstperson_lefthand": {
			"rotation": [115, -90, 37.75],
			"translation": [-0.12, 1.7, 1.13],
			"scale": [0.68, 0.68, 0.68]
		},
		"ground": {
			"rotation": [90, 0, 0],
			"translation": [0, 1, 0],
			"scale": [0.65, 0.65, 0.65]
		},
		"gui": {
			"rotation": [90, 0, 0],
			"translation": [0.5, 0.5, 0]
		},
		"head": {
			"rotation": [-90, 180, 0],
			"translation": [0, 13, -0.5]
		},
		"fixed": {
			"rotation": [-90, 180, 0],
			"translation": [-0.5, 0.5, -1]
		}
	},
	"groups": [
		{
			"name": "name_tag",
			"origin": [8, 8, 8],
			"children": [0, 1, 2, 3, 4, 5, 6, 7, 8, 9, 10, 11, 12, 13, 14, 15]
		}
	]
}